asset_id,title,type,src_filename,source_dimensions,export_filename,export_dimensions,status,sha256
FLW-D2-004,Regen op de Veluwe,2D artwork,FLW-D2-004_review-preview.png,1600x1200,01_Final_2D_4K_candidates/FLW-D2-004_4K_upscaled-candidate.png,4096x3072,"4K dimensionally complete, not native detail master",03b2eaacdcb6d464334e70137c41026bdad0589d50882003b947067c73c3d4d6
FLW-D2-005,Kleikom appels ruwe tafel en linnen,2D artwork,FLW-D2-005_review-preview.png,1120x1401,01_Final_2D_4K_candidates/FLW-D2-005_4K_upscaled-candidate.png,3200x4000,"4K dimensionally complete, not native detail master",a2da3caf1072484610bddebeb7d69fae3366bc6cb6dd6f7dc87ebac49199185f
FLW-D2-008,Schaduwvlakken,2D artwork,FLW-D2-008_review-preview.png,1600x1600,01_Final_2D_4K_candidates/FLW-D2-008_4K_upscaled-candidate.png,4096x4096,"4K dimensionally complete, not native detail master",b648dae1b9d3552d83b148753ead0efbaa242dc95e5f4727b3affede0a522fde
FLW-D2-010,Na het feest,2D artwork,FLW-D2-010_review-preview.png,1600x1201,01_Final_2D_4K_candidates/FLW-D2-010_4K_upscaled-candidate.png,4096x3072,"4K dimensionally complete, not native detail master",ed315c7246447508fad899b2017403df4df967b7ecd1fa4a962597662f8a2d3d
FLW-D2-011,Dansende bosdieren,2D artwork,FLW-D2-011_review-preview.png,1120x1401,01_Final_2D_4K_candidates/FLW-D2-011_4K_upscaled-candidate.png,3200x4000,"4K dimensionally complete, not native detail master",f10cd40f83cf543352d59371fd5628f15960dfe112f78e12da0a0ed85d2f1dc8
FLW-D2-015,Laatste partij,2D artwork,FLW-D2-015_review-preview.png,1600x901,01_Final_2D_4K_candidates/FLW-D2-015_4K_upscaled-candidate.png,4096x2304,"4K dimensionally complete, not native detail master",f3f201b7717f0e050aee87b87f76684ab835b9c8738793e236ae035db7fedc77
FLW-S3-008,Houten vosmasker,3D reference,FLW-S3-008_review-preview.png,1500x1121,02_3D_reference_3K_candidates/FLW-S3-008_3K_upscaled-reference.png,3072x2296,"enlarged reference board crop, not a validated modelling turnaround",dfa4a4585cf9fd3c026b2ba1f5ccca7ad020e46dbc8cea5553d82bb12d1423ce
FLW-S3-009,Copacabana Room interior,3D reference,FLW-S3-009_review-preview.png,1500x1478,02_3D_reference_3K_candidates/FLW-S3-009_3K_upscaled-reference.png,3072x3027,"enlarged reference board crop, not a validated modelling turnaround",9703a503009df78c2bf1bc6d7622349cc68b7ff7d16f2c96987cf04881652eb0
FLW-S3-012,Tropisch houten wandmasker,3D reference,FLW-S3-012_review-preview.png,1500x1396,02_3D_reference_3K_candidates/FLW-S3-012_3K_upscaled-reference.png,3072x2859,"enlarged reference board crop, not a validated modelling turnaround",76fbcb17c8eff7e559da06412c692de7707aa6cce44a95f4ecdd84c731017cfc
FLW-S3-013,Copacabana Room exterior,3D reference,FLW-S3-013_review-preview.png,1500x1440,02_3D_reference_3K_candidates/FLW-S3-013_3K_upscaled-reference.png,3072x2949,"enlarged reference board crop, not a validated modelling turnaround",6afa7dee87460db6bfaf2faf6955d125bf45ef43ca6757c0354ecf0bc4af91df
FLW-S3-043,Eenvoudig schilderijkader,3D reference,FLW-S3-043_review-preview.png,1500x703,02_3D_reference_3K_candidates/FLW-S3-043_3K_upscaled-reference.png,3072x1440,"enlarged reference board crop, not a validated modelling turnaround",6e83c4190765acca09caf3fa10e35554ce1c949fb7a1275d15a55bd344d128c4
FLW-S3-044,Dieper antiek kader,3D reference,FLW-S3-044_review-preview.png,1000x469,02_3D_reference_3K_candidates/FLW-S3-044_3K_upscaled-reference.png,3072x1441,"enlarged reference board crop, not a validated modelling turnaround",5b51a8eec3db4e3aa040ac253ca675d266de524d0a98010ff3db66c9e25683ab
FLW-S3-045,Smal printkader,3D reference,FLW-S3-045_review-preview.png,1500x702,02_3D_reference_3K_candidates/FLW-S3-045_3K_upscaled-reference.png,3072x1438,"enlarged reference board crop, not a validated modelling turnaround",320c72d7263faab8a3c6c7fc303ffdcce4311a1d78fbb0dbdcb9c9eb7f9dda7b
